<?xml version="1.0" encoding="UTF-8"?>
<project-private xmlns="http://www.netbeans.org/ns/project-private/1">
    <editor-bookmarks xmlns="http://www.netbeans.org/ns/editor-bookmarks/2" lastBookmarkId="0"/>
    <open-files xmlns="http://www.netbeans.org/ns/projectui-open-files/2">
        <group>
            <file>file:/Users/propietario/Estructura%20de%20Datos%20Avanzadas/Segundo%20Parcial/ProyectoSegundoParcial/src/proyectosegundoparcial/ProyectoSegundoParcial.java</file>
            <file>file:/Users/propietario/Estructura%20de%20Datos%20Avanzadas/Segundo%20Parcial/ProyectoSegundoParcial/src/Model/Graph.java</file>
            <file>file:/Users/propietario/Estructura%20de%20Datos%20Avanzadas/Segundo%20Parcial/ProyectoSegundoParcial/src/Model/Vertice.java</file>
            <file>file:/Users/propietario/Estructura%20de%20Datos%20Avanzadas/Segundo%20Parcial/ProyectoSegundoParcial/src/Controller/Controller.java</file>
            <file>file:/Users/propietario/Estructura%20de%20Datos%20Avanzadas/Segundo%20Parcial/ProyectoSegundoParcial/src/View/ShowGraphView.java</file>
            <file>file:/Users/propietario/Estructura%20de%20Datos%20Avanzadas/Segundo%20Parcial/ProyectoSegundoParcial/src/Model/Edge.java</file>
            <file>file:/Users/propietario/Estructura%20de%20Datos%20Avanzadas/Segundo%20Parcial/ProyectoSegundoParcial/src/View/MainView.java</file>
        </group>
    </open-files>
</project-private>
